aX,aY,aZ,gX,gY,gZ
-1.084,0.318,-1.395,11.536,88.440,39.551
-1.160,0.399,-1.495,17.944,87.463,38.025
-1.200,0.426,-1.557,29.053,82.886,32.776
-1.219,0.486,-1.652,43.091,74.646,28.748
-1.200,0.587,-1.706,57.373,64.575,26.611
-1.178,0.720,-1.768,68.054,53.284,22.766
-1.175,0.822,-1.750,71.350,40.344,14.282
-1.157,0.847,-1.747,68.237,27.893,1.282
-1.138,0.815,-1.774,62.195,16.724,-11.963
-1.143,0.813,-1.772,54.260,3.418,-21.790
-1.142,0.754,-1.735,45.471,-11.841,-31.067
-1.108,0.710,-1.709,37.903,-27.222,-37.231
-1.081,0.675,-1.662,32.043,-43.091,-40.283
-1.029,0.663,-1.617,26.794,-58.594,-41.565
-0.968,0.674,-1.560,20.508,-73.608,-41.809
-0.945,0.629,-1.455,15.808,-88.745,-43.579
-0.935,0.587,-1.341,12.939,-101.135,-44.556
-0.928,0.590,-1.267,9.583,-110.413,-43.762
-0.958,0.587,-1.192,5.188,-118.286,-43.762
-1.005,0.581,-1.123,2.991,-125.549,-45.166
-1.024,0.631,-1.123,1.404,-130.432,-46.997
-1.032,0.716,-1.167,2.441,-135.254,-50.781
-1.019,0.767,-1.201,9.949,-143.188,-60.242
-0.989,0.848,-1.156,16.846,-155.212,-72.876
-0.972,0.845,-1.082,18.555,-166.931,-89.661
-1.009,0.741,-1.043,20.447,-177.734,-109.253
-1.037,0.657,-0.976,20.752,-191.956,-125.610
-1.038,0.603,-0.889,18.738,-207.336,-138.428
-1.041,0.514,-0.814,15.747,-221.985,-151.123
-1.031,0.405,-0.725,13.855,-237.000,-161.682
-1.029,0.300,-0.609,13.489,-252.441,-168.030
-1.088,0.287,-0.586,16.052,-265.076,-171.143
-1.158,0.370,-0.641,19.470,-277.649,-175.293
-1.179,0.439,-0.647,19.897,-297.913,-187.256
-1.156,0.479,-0.577,28.687,-323.792,-208.130
-1.200,0.501,-0.384,44.678,-351.318,-234.131
-1.258,0.424,-0.143,58.411,-373.230,-264.282
-1.255,0.299,0.002,56.946,-383.362,-292.419
-1.258,0.264,0.113,52.551,-390.137,-312.134
-1.294,0.279,0.230,62.073,-397.095,-331.665
-1.360,0.221,0.321,86.548,-403.809,-357.910
-1.484,0.112,0.495,118.958,-411.682,-385.925
-1.566,-0.128,0.772,146.912,-414.429,-411.438
-1.590,-0.424,1.007,167.236,-402.649,-425.781
-1.476,-0.703,1.198,157.043,-375.366,-425.171
-1.274,-0.924,1.311,133.423,-338.074,-415.283
-1.030,-1.043,1.408,125.549,-294.189,-404.480
-0.790,-0.969,1.337,154.785,-238.831,-403.992
-0.627,-0.863,1.125,155.151,-173.584,-420.776
-0.618,-0.956,0.890,90.881,-115.540,-445.251
-0.653,-1.084,0.656,15.442,-66.101,-461.853
-0.613,-1.166,0.232,-8.728,-25.269,-469.543
-0.606,-1.232,-0.136,18.555,-7.507,-472.290
-0.651,-1.382,-0.427,86.731,-14.832,-473.267
-0.671,-1.549,-0.467,119.141,-34.363,-465.759
-0.614,-1.669,-0.361,101.563,-54.321,-447.693
-0.539,-1.768,-0.226,80.444,-69.641,-424.988
-0.453,-1.832,-0.088,77.759,-79.529,-401.855
-0.367,-1.874,0.007,93.567,-84.778,-379.761
-0.310,-1.957,0.052,97.290,-85.449,-361.755
-0.168,-2.034,0.214,51.086,-82.336,-343.445
-0.028,-2.164,0.317,3.296,-76.233,-325.562
0.142,-2.364,0.430,-3.174,-68.420,-306.763
0.071,-2.508,0.245,45.654,-57.312,-282.104
0.078,-2.578,-0.019,39.917,-50.476,-246.704
0.037,-2.319,0.728,-247.620,-52.124,-200.134
0.052,-2.298,0.658,-280.396,-32.471,-176.636
0.047,-2.502,0.349,-164.490,-20.447,-164.429
0.111,-2.658,0.493,-85.266,-35.522,-139.160
0.158,-2.650,0.759,-45.227,-47.729,-99.060
0.234,-2.446,0.810,-10.742,-40.649,-53.101
0.266,-2.163,0.779,-7.568,-24.353,-15.625
0.234,-1.947,0.697,-19.531,-9.949,5.554
0.205,-1.834,0.547,-27.283,0.000,16.235
0.188,-1.799,0.436,-36.987,2.502,22.766
0.154,-1.840,0.380,-33.325,-1.526,29.297
0.112,-1.817,0.344,-25.513,-5.310,42.664
0.079,-1.684,0.318,-18.066,-7.019,60.547
0.097,-1.533,0.299,-13.611,-6.104,74.341
0.130,-1.447,0.324,-12.451,-4.578,79.224
0.171,-1.438,0.336,-11.108,-0.916,78.369
0.179,-1.463,0.276,-4.700,6.409,77.026
0.152,-1.475,0.207,4.822,13.123,77.759
0.145,-1.425,0.146,16.113,15.686,80.994
0.162,-1.356,0.133,28.137,14.893,81.482
0.175,-1.387,0.187,40.161,12.817,75.989
0.215,-1.499,0.259,52.734,12.512,68.970
0.246,-1.645,0.282,64.758,16.785,67.078
0.254,-1.760,0.290,64.575,22.095,73.120
0.200,-1.853,0.226,68.481,25.757,85.388
0.231,-1.863,0.144,89.600,25.513,103.943
0.194,-1.826,0.167,89.417,20.813,124.878
0.146,-1.713,0.135,107.056,17.273,145.996
0.104,-1.535,0.088,120.300,14.404,166.260
0.085,-1.360,0.135,115.906,9.827,179.993
0.127,-1.279,0.157,120.239,7.324,183.411
0.172,-1.296,0.169,119.690,6.958,182.007
0.129,-1.347,0.141,107.727,9.766,183.655
0.160,-1.323,0.100,78.552,15.259,193.359
0.138,-1.230,0.042,74.524,15.869,205.078
0.158,-1.096,-0.002,67.871,12.695,215.210
0.157,-1.015,-0.025,69.275,7.629,218.567
0.158,-1.010,-0.006,69.275,1.099,216.064
0.171,-1.001,-0.021,52.246,-0.244,215.393
0.174,-0.973,-0.064,31.799,1.831,216.370
0.180,-0.927,-0.080,17.273,4.089,217.407
0.158,-0.866,-0.125,25.208,4.150,217.590
0.130,-0.833,-0.162,39.795,1.953,215.698
0.197,-0.815,-0.220,31.494,1.465,214.050
0.203,-0.860,-0.290,18.433,1.587,211.609
0.198,-0.842,-0.342,-1.709,2.869,214.355
0.165,-0.731,-0.382,-6.042,-0.916,221.741
0.138,-0.557,-0.396,-0.122,-8.301,228.943
0.129,-0.404,-0.375,-1.099,-16.846,231.262
0.157,-0.290,-0.303,-12.024,-25.574,227.356
0.223,-0.251,-0.193,-24.597,-29.785,216.370
0.258,-0.261,-0.151,-21.729,-25.879,201.416
0.269,-0.307,-0.259,-26.306,-16.296,187.744
0.317,-0.315,-0.328,-86.731,-3.174,180.054
0.321,0.646,-0.742,9.338,84.473,124.756
-0.017,1.026,-0.291,40.222,69.458,170.715
-0.070,1.769,-0.178,9.949,78.979,216.858
-0.204,1.923,-0.496,-13.184,105.042,187.012
-0.265,1.545,-0.849,-26.367,117.981,119.141
-0.240,0.963,-0.892,-32.776,104.187,66.956
-0.256,0.568,-0.776,-31.372,86.243,49.377
-0.272,0.531,-0.798,-29.358,81.116,60.486
-0.272,0.669,-0.916,-27.832,80.627,77.026
-0.245,0.777,-0.981,-23.010,73.303,83.374
-0.223,0.819,-0.991,-14.160,61.523,82.764
-0.193,0.877,-0.967,-6.165,49.744,83.923
-0.165,0.999,-0.876,0.732,37.720,88.440
-0.163,1.119,-0.770,6.714,29.419,90.210
-0.195,1.175,-0.720,12.878,27.588,85.693
-0.226,1.201,-0.717,14.343,29.602,77.759
-0.225,1.205,-0.756,8.362,32.471,68.237
-0.227,1.172,-0.811,2.563,34.973,56.091
-0.239,1.152,-0.824,5.310,34.058,45.898
-0.245,1.172,-0.816,7.874,31.738,38.574
-0.245,1.189,-0.839,10.925,30.579,30.579
-0.243,1.145,-0.873,13.184,28.687,20.386
-0.218,1.063,-0.901,14.038,23.865,10.620
-0.197,0.953,-0.916,14.404,15.869,3.540
-0.173,0.896,-0.906,12.634,5.615,2.197
-0.151,0.903,-0.860,9.827,-5.737,4.944
-0.139,0.901,-0.796,5.615,-17.273,5.981
-0.124,0.895,-0.748,1.526,-27.039,5.798
-0.107,0.902,-0.687,-2.686,-35.339,6.409
-0.087,0.912,-0.601,-5.432,-42.603,7.019
-0.070,0.916,-0.520,-5.859,-47.058,6.226
-0.048,0.910,-0.472,-5.432,-48.096,4.456
-0.024,0.909,-0.434,-7.751,-46.875,3.540
-0.001,0.923,-0.380,-11.169,-44.800,3.296
0.019,0.947,-0.316,-12.817,-41.748,2.563
0.033,0.949,-0.286,-13.489,-35.645,0.122
0.044,0.931,-0.298,-12.817,-28.381,-2.930
0.056,0.915,-0.308,-10.864,-21.851,-5.371
0.063,0.905,-0.304,-8.423,-17.151,-7.385
0.071,0.889,-0.324,-6.165,-12.146,-9.216
0.075,0.855,-0.346,-6.165,-7.629,-10.742
0.075,0.843,-0.352,-5.554,-4.944,-10.559
0.076,0.836,-0.344,-4.578,-2.869,-9.644
0.082,0.828,-0.344,-3.540,-0.610,-9.277
0.080,0.826,-0.362,-1.587,2.319,-8.667
0.077,0.820,-0.387,-0.732,5.493,-7.751
0.080,0.840,-0.412,-4.517,8.911,-5.676
0.079,0.884,-0.415,-6.287,10.925,-3.967
0.081,0.900,-0.425,-7.019,13.123,-4.822
0.078,0.876,-0.463,-6.897,16.174,-7.568
0.071,0.843,-0.500,-6.531,17.761,-9.460
0.066,0.833,-0.525,-6.409,17.578,-9.155
0.058,0.838,-0.550,-6.958,16.418,-7.935
0.056,0.841,-0.578,-8.606,14.954,-7.263
0.053,0.841,-0.588,-10.315,11.902,-6.775
0.054,0.850,-0.575,-11.719,8.240,-6.226
0.053,0.861,-0.562,-13.916,5.493,-5.554
0.055,0.882,-0.546,-16.113,3.845,-5.127
0.061,0.893,-0.518,-17.334,2.563,-5.798
0.067,0.870,-0.502,-17.151,3.052,-8.057
0.077,0.832,-0.522,-16.174,4.944,-10.193
0.078,0.799,-0.525,-14.954,6.348,-10.620
0.081,0.792,-0.557,-12.756,8.057,-9.521
0.082,0.785,-0.584,-11.047,8.728,-8.301
0.094,0.775,-0.609,-8.972,7.629,-7.507
0.087,0.767,-0.603,-8.240,4.883,-6.165
0.086,0.785,-0.602,-7.935,2.625,-4.150
0.087,0.834,-0.621,-7.935,1.099,-2.319
0.084,0.864,-0.618,-7.080,-0.916,-2.319
0.085,0.859,-0.607,-5.676,-3.174,-3.845
0.090,0.853,-0.603,-6.287,-5.127,-5.249
0.098,0.845,-0.590,-8.362,-7.324,-5.920
0.101,0.833,-0.585,-10.498,-9.033,-6.165
0.103,0.826,-0.570,-11.780,-11.047,-6.104
0.112,0.818,-0.557,-13.000,-12.695,-5.981
0.111,0.801,-0.552,-14.282,-13.306,-5.798
0.112,0.791,-0.547,-15.503,-14.160,-4.822
0.119,0.796,-0.523,-15.869,-15.076,-3.479
0.128,0.777,-0.498,-15.259,-15.564,-3.174
0.136,0.749,-0.491,-14.832,-14.404,-2.808
0.140,0.751,-0.484,-14.893,-12.451,-0.732
0.146,0.789,-0.485,-14.465,-10.864,2.136
0.148,0.806,-0.475,-13.733,-9.155,3.052
0.152,0.799,-0.451,-13.550,-7.507,2.686
0.151,0.805,-0.462,-13.489,-3.845,2.686
0.151,0.827,-0.487,-12.207,-0.854,3.052
0.153,0.824,-0.478,-11.536,0.244,2.258
0.147,0.795,-0.468,-10.986,1.953,0.671
0.146,0.779,-0.496,-11.292,4.700,0.488
0.145,0.778,-0.524,-11.353,6.653,1.404
0.138,0.786,-0.528,-11.292,6.531,2.563
0.137,0.793,-0.525,-11.841,6.165,3.479
0.135,0.790,-0.533,-11.597,6.653,3.723
0.130,0.786,-0.546,-11.230,7.385,4.089
0.124,0.788,-0.558,-10.620,7.751,4.822
0.124,0.802,-0.572,-10.376,7.751,5.920
0.122,0.798,-0.576,-10.376,6.958,6.042
0.121,0.790,-0.579,-11.169,6.348,6.042
0.118,0.793,-0.584,-11.719,6.104,6.714
0.117,0.809,-0.580,-12.756,5.615,7.751
0.116,0.818,-0.579,-13.550,5.493,7.874
0.112,0.812,-0.586,-13.489,5.493,7.202
0.114,0.797,-0.582,-12.756,4.822,6.470
0.115,0.791,-0.567,-14.160,4.517,6.470
0.114,0.792,-0.574,-14.526,5.188,6.836
0.120,0.791,-0.600,-14.099,5.798,6.836
0.123,0.785,-0.614,-14.404,5.005,7.141
0.123,0.787,-0.625,-15.198,3.601,8.179
0.119,0.818,-0.640,-16.846,2.319,10.071
0.120,0.831,-0.639,-16.113,0.183,10.925
0.116,0.809,-0.622,-14.648,-1.770,9.949
0.116,0.787,-0.601,-14.160,-4.028,9.338
0.120,0.762,-0.573,-15.991,-6.348,9.521
0.118,0.728,-0.551,-19.226,-7.751,9.766
0.121,0.727,-0.533,-22.278,-8.057,11.658
0.127,0.755,-0.496,-25.452,-7.874,13.794
0.126,0.770,-0.456,-27.710,-5.981,14.404
0.128,0.782,-0.448,-28.076,-0.916,13.672
0.125,0.783,-0.458,-26.611,6.042,12.756
-0.519,1.510,-1.230,31.128,48.279,11.414
-0.568,1.782,-1.391,39.124,48.157,7.019
-0.583,1.980,-1.490,48.035,42.786,-6.958
-0.563,2.000,-1.541,56.763,33.691,-30.029
-0.534,1.851,-1.551,61.401,21.484,-55.359
-0.526,1.675,-1.566,59.509,7.629,-75.439
-0.540,1.525,-1.563,53.223,-8.301,-87.952
-0.562,1.405,-1.561,42.786,-26.855,-95.337
-0.582,1.359,-1.552,31.860,-46.875,-98.145
-0.597,1.386,-1.467,21.973,-69.275,-99.060
-0.607,1.451,-1.332,13.611,-89.844,-101.746
-0.618,1.474,-1.177,9.827,-105.408,-109.253
-0.611,1.481,-1.041,12.634,-116.028,-119.934
-0.583,1.494,-0.913,16.296,-122.131,-131.470
-0.551,1.483,-0.787,20.020,-125.183,-145.874
-0.519,1.437,-0.703,25.146,-124.878,-163.269
-0.495,1.348,-0.658,28.198,-122.742,-182.739
-0.478,1.190,-0.618,28.870,-122.070,-203.430
-0.457,1.000,-0.574,27.283,-123.657,-222.107
-0.455,0.824,-0.516,24.597,-126.770,-236.084
-0.449,0.684,-0.422,20.142,-131.165,-245.605
-0.449,0.585,-0.356,20.386,-133.057,-251.892
-0.475,0.547,-0.372,23.621,-131.897,-255.737
-0.500,0.592,-0.336,26.245,-132.874,-259.399
-0.511,0.660,-0.286,31.677,-134.155,-268.066
-0.516,0.596,-0.181,33.813,-136.841,-284.119
-0.517,0.444,-0.068,31.921,-138.489,-302.856
-0.518,0.301,0.036,26.123,-138.611,-317.322
-0.518,0.178,0.088,17.273,-136.719,-327.515
-0.536,0.050,0.083,8.362,-133.606,-336.182
-0.544,-0.079,0.071,4.211,-131.897,-341.980
-0.525,-0.231,0.115,1.648,-134.094,-344.971
-0.505,-0.433,0.178,-2.014,-136.902,-345.520
-0.453,-0.584,0.157,-9.766,-134.460,-338.379
-0.399,-0.572,0.096,-18.250,-131.470,-322.876
-0.373,-0.512,0.165,-18.188,-134.521,-307.007
-0.331,-0.376,0.273,-14.709,-135.864,-294.250
-0.314,-0.164,0.280,-6.897,-129.639,-289.429
-0.293,-0.097,0.285,-1.648,-123.047,-301.208
-0.320,-0.220,0.343,6.348,-120.422,-323.181
-0.333,-0.263,0.323,21.423,-112.000,-336.670
-0.346,-0.268,0.204,27.039,-100.403,-346.863
-0.333,-0.338,0.163,18.982,-95.154,-359.009
-0.291,-0.607,0.228,3.784,-98.511,-372.620
-0.183,-1.008,0.262,-5.737,-99.670,-380.737
-0.069,-1.389,0.237,-12.878,-96.985,-373.108
0.004,-1.563,0.155,-22.583,-93.384,-345.215
0.067,-1.529,0.016,-26.917,-91.187,-305.725
0.124,-1.398,-0.006,-24.963,-97.534,-268.433
0.152,-1.272,0.116,-20.386,-108.704,-240.967
0.176,-1.192,0.225,-13.489,-112.000,-222.351
0.179,-1.168,0.228,-2.808,-106.567,-209.534
0.194,-1.161,0.137,4.272,-99.121,-198.853
0.204,-1.096,0.085,-6.653,-96.375,-187.073
0.230,-1.045,0.076,-12.573,-100.281,-178.589
0.239,-1.074,0.229,-15.381,-110.474,-174.377
0.250,-1.122,0.440,-20.203,-117.859,-170.288
0.275,-1.176,0.587,-22.583,-115.234,-164.062
0.269,-1.289,0.610,-20.569,-105.042,-158.203
0.249,-1.381,0.554,-19.165,-92.590,-149.597
0.236,-1.375,0.516,-18.982,-84.595,-136.536
0.241,-1.392,0.505,-13.245,-80.811,-126.099
0.249,-1.468,0.515,-6.226,-78.247,-120.056
0.268,-1.557,0.551,-3.418,-75.500,-112.732
0.308,-1.656,0.603,-2.014,-72.144,-101.929
0.356,-1.767,0.694,-1.038,-68.359,-88.501
0.300,-1.828,0.818,12.817,-61.890,-71.594
0.324,-1.840,0.657,36.255,-51.697,-48.950
0.269,-1.611,0.849,-34.607,-46.570,-22.461
0.282,-1.565,0.859,-47.485,-37.659,-11.536
0.287,-1.693,0.804,0.488,-31.616,-8.850
0.310,-1.618,0.936,-3.296,-30.396,4.883
0.356,-1.480,0.969,-7.996,-21.301,19.714
0.350,-1.531,0.895,-5.066,-7.507,23.560
0.361,-1.629,0.782,-6.592,2.197,27.527
0.388,-1.632,0.692,-11.047,7.080,38.818
0.390,-1.593,0.656,-14.343,8.118,51.941
0.380,-1.523,0.671,-17.517,9.766,64.453
0.388,-1.468,0.644,-15.198,14.343,73.364
0.367,-1.466,0.611,-12.024,18.799,78.674
0.360,-1.455,0.654,-11.414,20.325,84.717
0.376,-1.430,0.715,-9.888,21.484,90.942
0.375,-1.472,0.782,-11.902,24.719,95.703
0.389,-1.554,0.798,-14.893,30.029,100.403
0.384,-1.530,0.710,-23.376,38.391,110.657
0.347,-1.420,0.616,-33.325,44.312,123.657
0.351,-1.304,0.606,-41.931,45.044,133.728
0.339,-1.240,0.620,-46.997,46.082,138.794
0.342,-1.220,0.600,-46.509,50.476,141.052
0.368,-1.260,0.585,-49.011,55.054,143.616
0.376,-1.391,0.587,-55.603,58.472,146.729
0.391,-1.463,0.528,-60.669,64.148,155.884
0.400,-1.390,0.473,-66.772,68.604,172.485
0.398,-1.187,0.513,-69.580,69.153,191.101
0.413,-0.929,0.614,-69.153,70.618,205.139
0.450,-0.712,0.656,-65.247,78.003,209.351
0.498,-0.661,0.638,-58.594,87.708,203.491
0.515,-0.683,0.661,-59.753,94.971,196.533
0.534,-0.729,0.693,-66.589,102.539,193.481
0.498,-0.815,0.608,-75.378,114.746,191.956
0.438,-0.770,0.409,-80.139,127.747,196.472
0.402,-0.542,0.178,-81.787,134.888,205.017
0.418,-0.353,-0.041,-82.153,133.606,205.566
0.507,-0.429,-0.089,-78.430,123.291,193.176
0.562,-0.762,0.114,-72.937,106.628,179.810
0.595,-0.976,0.242,-75.378,101.501,184.143
0.580,-0.916,0.165,-80.872,108.521,204.407
0.528,-0.678,0.108,-83.252,113.037,226.379
0.494,-0.321,0.155,-80.139,112.610,242.249
0.483,-0.024,0.176,-77.148,114.075,244.446
0.490,0.096,0.176,-73.608,117.249,233.032
0.529,0.085,0.201,-75.195,118.408,216.370
0.527,0.036,0.164,-80.750,121.948,202.576
0.540,0.087,0.054,-83.496,127.869,196.350
0.544,0.228,-0.081,-80.750,132.080,192.505
0.573,0.294,-0.140,-73.853,131.470,183.472
0.601,0.244,-0.055,-66.406,126.282,171.326
0.609,0.133,0.016,-62.073,124.817,162.476
0.607,0.085,-0.005,-61.768,129.395,160.278
-0.264,0.863,-1.500,-1.709,-28.198,-4.578
-0.271,0.929,-1.526,-0.793,-34.851,-10.437
-0.261,1.012,-1.543,1.038,-41.626,-17.822
-0.245,0.965,-1.528,4.456,-50.781,-30.334
-0.225,0.873,-1.525,5.066,-60.913,-42.053
-0.206,0.847,-1.470,2.075,-72.754,-48.462
-0.201,0.831,-1.414,-2.075,-84.412,-53.772
-0.217,0.779,-1.402,-5.188,-94.055,-60.242
-0.243,0.751,-1.399,-7.690,-103.027,-65.308
-0.260,0.772,-1.405,-7.507,-111.755,-69.336
-0.274,0.771,-1.422,-3.174,-119.751,-75.684
-0.285,0.748,-1.415,4.944,-128.235,-83.984
-0.275,0.772,-1.382,14.648,-137.512,-91.553
-0.253,0.781,-1.318,25.208,-146.301,-100.403
-0.220,0.731,-1.213,33.203,-155.090,-111.694
-0.190,0.673,-1.113,35.950,-162.659,-121.338
-0.155,0.663,-1.055,33.020,-168.823,-127.869
-0.145,0.632,-0.979,31.189,-176.147,-134.949
-0.139,0.527,-0.848,28.687,-184.814,-143.372
-0.128,0.372,-0.734,22.827,-190.552,-149.963
-0.105,0.239,-0.687,14.526,-192.139,-150.696
-0.088,0.164,-0.704,8.240,-191.589,-146.545
-0.077,0.183,-0.744,7.263,-191.833,-139.587
-0.076,0.259,-0.702,13.306,-195.801,-134.399
-0.074,0.284,-0.580,21.057,-201.904,-135.132
-0.068,0.315,-0.470,26.367,-205.627,-139.282
-0.051,0.393,-0.383,26.733,-206.665,-144.226
-0.054,0.425,-0.266,22.644,-208.130,-153.137
-0.061,0.390,-0.216,13.367,-207.642,-164.978
-0.075,0.357,-0.255,1.160,-206.299,-175.598
-0.079,0.245,-0.217,-8.240,-210.266,-185.425
-0.057,0.004,-0.057,-14.343,-219.482,-195.129
-0.001,-0.313,0.125,-19.409,-224.854,-198.975
0.054,-0.586,0.245,-21.240,-222.351,-191.711
0.121,-0.689,0.250,-17.151,-211.426,-172.485
0.177,-0.620,0.188,-8.850,-198.303,-148.743
0.209,-0.496,0.128,6.042,-187.439,-129.578
0.225,-0.374,0.118,21.851,-181.213,-118.042
0.229,-0.267,0.151,33.630,-177.673,-112.488
0.218,-0.208,0.180,38.940,-174.194,-111.938
0.202,-0.083,0.144,38.879,-170.227,-112.854
0.187,-0.033,0.097,35.217,-168.640,-118.896
0.170,-0.019,0.163,30.273,-172.791,-127.991
0.189,-0.037,0.291,23.682,-177.246,-136.780
0.216,-0.162,0.407,17.334,-177.124,-146.729
0.263,-0.381,0.538,14.587,-173.889,-154.480
0.308,-0.559,0.583,12.085,-164.551,-154.358
0.362,-0.697,0.502,11.108,-150.330,-147.034
0.373,-0.788,0.390,15.808,-139.282,-135.620
0.390,-0.751,0.272,23.560,-132.812,-119.995
0.413,-0.599,0.196,36.011,-131.836,-104.919
0.417,-0.559,0.263,44.189,-135.803,-98.145
0.446,-0.529,0.351,43.091,-137.695,-94.116
0.497,-0.448,0.440,37.109,-135.620,-89.417
0.533,-0.396,0.488,29.175,-130.249,-86.670
0.543,-0.364,0.435,20.142,-122.498,-85.205
0.525,-0.287,0.342,7.935,-116.882,-82.642
0.530,-0.222,0.265,-4.150,-116.760,-82.520
0.520,-0.324,0.249,-12.390,-120.972,-88.074
0.547,-0.500,0.272,-14.832,-125.610,-93.201
0.574,-0.612,0.374,-14.648,-128.540,-90.149
0.578,-0.645,0.379,-10.193,-125.305,-81.970
0.561,-0.638,0.328,-5.127,-119.812,-73.486
0.543,-0.636,0.348,-0.427,-118.225,-66.467
0.518,-0.638,0.372,5.737,-117.798,-60.486
0.505,-0.603,0.391,7.385,-116.150,-54.565
0.526,-0.544,0.396,8.240,-115.173,-49.622
0.535,-0.493,0.434,7.324,-115.356,-46.570
0.498,-0.476,0.534,3.723,-116.882,-44.739
0.473,-0.418,0.609,-1.160,-114.685,-42.786
0.451,-0.402,0.708,-6.592,-110.962,-43.579
0.445,-0.472,0.809,-7.874,-106.628,-48.096
0.431,-0.525,0.850,-7.385,-99.182,-50.720
0.427,-0.553,0.823,-3.723,-91.125,-51.392
0.405,-0.604,0.803,4.517,-85.999,-53.040
0.417,-0.672,0.870,18.921,-84.839,-55.603
0.442,-0.753,0.996,35.461,-85.022,-57.373
0.485,-0.824,1.140,45.471,-82.825,-57.251
0.524,-0.919,1.241,52.673,-77.209,-55.542
0.562,-1.020,1.321,50.171,-70.007,-51.453
0.547,-1.017,1.377,48.218,-61.707,-42.847
0.606,-1.099,1.298,43.640,-52.917,-34.790
0.620,-1.069,1.438,-18.066,-47.180,-23.193
0.634,-1.147,1.425,-47.791,-34.973,-14.832
0.646,-1.197,1.323,-51.575,-20.630,-5.066
0.640,-1.105,1.293,-49.561,-11.536,10.620
0.626,-1.008,1.283,-35.339,-4.089,22.888
0.650,-1.044,1.262,-11.963,4.822,27.893
0.656,-1.139,1.312,4.517,12.756,32.776
0.656,-1.125,1.356,10.193,23.010,44.006
0.676,-1.075,1.296,5.066,37.476,56.946
0.709,-1.098,1.257,-9.521,49.377,66.650
0.719,-1.059,1.308,-24.231,56.396,78.064
0.717,-1.021,1.318,-35.522,65.369,89.050
0.704,-1.013,1.329,-44.617,74.280,97.229
0.675,-1.029,1.301,-50.903,83.374,103.638
0.658,-0.999,1.263,-55.481,91.553,110.413
0.670,-0.965,1.191,-59.692,98.206,115.845
0.711,-1.098,1.172,-59.509,102.966,116.516
0.726,-1.278,1.254,-55.298,105.286,119.446
0.699,-1.210,1.216,-51.392,113.892,135.254
0.644,-0.930,1.145,-49.316,123.840,155.151
0.619,-0.683,1.083,-49.866,130.676,164.856
0.603,-0.605,1.010,-54.138,134.888,162.354
0.581,-0.604,0.947,-62.561,137.634,156.799
0.607,-0.570,0.930,-70.068,139.282,154.663
0.641,-0.519,0.846,-77.820,144.165,154.419
0.631,-0.467,0.762,-82.031,150.085,153.564
0.632,-0.273,0.648,-78.918,155.884,155.151
0.668,-0.150,0.592,-76.355,158.447,152.039
0.676,-0.139,0.579,-73.486,159.180,142.090
0.677,-0.111,0.540,-67.932,163.513,134.644
0.700,-0.127,0.528,-62.317,167.603,128.113
0.694,-0.146,0.502,-59.387,171.509,121.765
0.697,-0.109,0.384,-59.204,177.307,118.530
0.720,-0.046,0.295,-60.974,180.420,115.845
0.723,0.008,0.137,-63.110,182.068,111.389
0.732,0.071,-0.043,-62.439,181.702,106.384
0.739,0.115,-0.176,-60.730,175.659,101.257
0.747,-1.003,1.265,30.090,-96.069,-39.490
0.774,-1.007,1.351,18.921,-90.454,-28.198
0.770,-0.909,1.445,9.216,-83.496,-15.747
0.821,-0.973,1.375,7.202,-74.646,-9.094
0.823,-0.824,1.482,-49.927,-64.758,1.343
0.841,-0.749,1.381,-66.711,-48.157,7.019
0.815,-0.746,1.276,-46.997,-33.936,6.897
0.818,-0.631,1.236,-37.903,-23.804,11.353
0.809,-0.643,1.209,-30.334,-14.832,10.071
0.812,-0.730,1.126,-13.489,-5.737,6.592
0.811,-0.730,1.051,-6.165,0.366,9.949
0.811,-0.717,1.031,-6.897,3.601,14.465
0.794,-0.712,1.032,-11.108,6.836,17.700
0.776,-0.677,0.993,-14.404,12.085,21.423
0.779,-0.651,0.979,-13.611,16.724,23.987
0.765,-0.709,1.041,-7.568,19.592,24.780
0.755,-0.719,1.089,-0.488,25.574,28.015
0.762,-0.683,1.115,6.470,34.302,33.020
0.766,-0.705,1.148,11.353,43.457,35.583
0.752,-0.730,1.074,10.376,54.749,38.635
0.731,-0.682,0.954,4.639,65.002,44.739
0.708,-0.648,0.848,-2.625,69.824,49.683
0.675,-0.640,0.789,-8.606,70.557,52.551
0.651,-0.672,0.796,-13.550,69.214,55.054
0.635,-0.745,0.841,-17.639,67.566,57.861
0.609,-0.864,0.908,-21.851,66.589,61.951
0.627,-0.947,0.955,-30.823,66.711,69.763
0.638,-0.908,0.954,-45.898,68.604,81.909
0.602,-0.810,1.027,-56.213,70.557,94.910
0.579,-0.637,1.119,-58.044,75.623,105.286
0.567,-0.471,1.044,-62.256,88.135,109.680
0.550,-0.399,0.951,-64.697,100.159,107.178
0.543,-0.345,0.950,-61.462,106.812,102.966
0.537,-0.410,0.898,-59.204,114.746,97.595
0.532,-0.532,0.799,-61.157,122.986,93.384
0.599,-0.514,0.674,-65.491,128.357,96.985
0.648,-0.421,0.574,-72.205,130.188,102.722
0.685,-0.315,0.546,-76.538,129.822,106.262
0.728,-0.150,0.517,-75.317,131.165,107.483
0.750,0.000,0.491,-74.097,134.644,103.882
0.774,0.029,0.449,-69.946,139.221,93.323
0.766,0.002,0.343,-62.805,144.775,81.299
0.761,-0.021,0.198,-58.899,147.949,72.449
0.778,-0.076,0.130,-59.082,144.592,65.308
0.839,-0.132,0.069,-60.059,139.038,60.242
0.882,-0.188,0.040,-63.599,133.362,57.800
0.902,-0.158,0.071,-64.575,127.136,59.998
0.923,-0.046,0.065,-63.293,124.634,62.927
0.934,-0.001,0.072,-59.509,123.352,59.998
0.936,-0.012,0.079,-54.871,122.986,53.894
0.922,0.020,0.030,-50.110,124.695,49.866
0.915,0.049,-0.076,-47.974,126.709,45.776
0.912,0.009,-0.177,-47.546,125.183,39.856
0.917,-0.028,-0.248,-49.133,119.507,35.889
0.925,-0.088,-0.257,-52.429,111.084,34.973
0.933,-0.141,-0.239,-54.565,102.112,36.377
0.935,-0.092,-0.178,-55.176,94.421,41.565
0.922,-0.012,-0.089,-54.626,89.600,46.265
0.906,0.062,-0.030,-53.650,89.172,47.363
0.883,0.061,0.003,-51.270,92.224,44.617
0.848,0.074,-0.002,-47.546,97.412,41.382
0.819,0.151,-0.045,-42.114,103.943,39.795
0.792,0.183,-0.139,-36.377,109.680,35.645
0.797,0.177,-0.260,-33.752,112.976,29.297
0.861,0.197,-0.381,-32.959,111.511,24.292
1.006,0.186,-0.448,-36.316,106.262,19.470
1.132,0.182,-0.505,-39.429,100.830,16.724
1.014,0.062,-0.483,-36.987,95.642,17.090
0.844,-0.069,-0.386,-27.222,88.318,21.179
0.811,0.018,-0.277,-25.146,81.604,30.273
0.811,0.072,-0.060,-31.067,75.073,33.569
0.797,0.036,0.057,-34.851,77.942,31.311
0.780,0.102,-0.023,-33.997,90.942,32.166
0.778,0.179,-0.129,-29.968,101.074,31.250
0.797,0.237,-0.214,-25.757,105.957,27.039
0.831,0.229,-0.285,-23.560,108.459,20.264
0.845,0.173,-0.321,-21.240,108.093,14.038
0.849,0.136,-0.329,-19.043,105.713,10.864
0.840,0.113,-0.355,-19.531,103.516,10.071
0.835,0.092,-0.393,-23.926,100.891,10.498
0.819,0.082,-0.412,-29.541,96.924,11.902
0.798,0.071,-0.405,-34.241,92.712,13.672
0.800,0.051,-0.382,-38.086,89.355,15.076
0.818,0.036,-0.387,-41.321,87.585,15.991
0.831,0.025,-0.398,-43.640,87.219,17.395
0.821,0.019,-0.416,-43.579,87.036,19.287
0.814,0.016,-0.430,-42.480,87.158,20.996
0.813,0.024,-0.431,-39.307,86.731,22.278
0.810,0.047,-0.427,-35.217,86.243,23.071
0.793,0.064,-0.439,-31.921,87.036,23.560
0.781,0.063,-0.491,-30.701,87.891,23.621
0.778,0.060,-0.534,-34.058,86.304,24.658
0.770,0.045,-0.524,-40.527,81.726,26.245
0.761,0.071,-0.450,-47.546,77.515,29.236
0.750,0.105,-0.404,-52.307,77.698,31.433
0.741,0.123,-0.436,-55.298,82.153,31.006
0.722,0.133,-0.446,-55.115,85.571,29.175
0.708,0.128,-0.473,-51.208,89.050,26.489
0.700,0.110,-0.495,-46.265,92.407,23.926
0.692,0.059,-0.504,-41.382,94.971,21.545
0.675,0.013,-0.550,-37.781,98.022,20.813
0.661,0.046,-0.618,-34.180,100.647,23.499
0.646,0.034,-0.673,-33.142,100.098,25.696
0.620,0.042,-0.706,-35.461,97.656,27.588
0.603,0.124,-0.697,-38.269,94.055,31.128
0.587,0.189,-0.688,-41.504,91.980,30.823
0.581,0.166,-0.722,-43.091,91.553,26.062
0.567,0.121,-0.748,-45.227,91.248,21.057
0.568,0.129,-0.718,-41.687,89.844,18.982
0.562,0.058,-0.735,-34.668,90.759,15.198
0.543,0.001,-0.774,-31.006,93.018,13.245
0.531,0.020,-0.792,-25.818,93.323,15.808
0.521,0.028,-0.839,-24.292,94.177,17.883
0.505,0.071,-0.908,-23.682,94.055,20.386
0.486,0.118,-0.940,-22.095,91.003,21.362
0.471,0.098,-0.943,-22.461,86.548,19.836
0.455,0.119,-0.948,-24.109,83.008,19.409
0.449,0.141,-0.937,-26.184,79.834,18.860
0.438,0.110,-0.924,-25.696,77.393,15.808
0.555,-1.202,1.421,45.776,-153.076,-18.860
0.699,-1.064,1.640,36.133,-148.071,7.690
0.864,-0.927,1.880,31.494,-140.015,27.405
1.035,-0.849,2.229,30.212,-130.737,39.795
1.149,-0.917,2.563,24.719,-114.807,49.805
1.188,-0.746,2.593,12.024,-84.656,69.824
1.155,-0.254,2.293,-9.277,-46.326,95.215
1.045,0.133,1.982,-34.302,-17.151,107.056
0.930,0.474,1.664,-53.162,3.296,104.187
0.864,0.730,1.406,-62.561,20.325,91.125
0.802,0.785,1.121,-61.829,35.278,66.711
0.766,0.688,0.831,-52.979,48.706,37.842
0.746,0.545,0.599,-40.344,55.969,11.658
0.747,0.298,0.333,-26.794,59.937,-10.010
0.772,0.017,0.163,-16.663,55.420,-25.391
0.798,-0.156,0.111,-10.742,45.105,-30.457
0.838,-0.241,0.132,-5.554,33.386,-29.419
0.875,-0.316,0.184,-2.747,22.766,-27.039
0.903,-0.383,0.271,-0.549,14.160,-23.254
0.929,-0.399,0.371,3.479,7.874,-18.066
0.960,-0.383,0.466,7.996,3.967,-12.390
0.966,-0.340,0.510,11.230,3.479,-7.385
0.970,-0.298,0.552,11.353,4.028,-3.662
0.968,-0.278,0.550,8.545,5.981,-1.709
0.967,-0.214,0.528,4.700,7.751,0.427
0.960,-0.173,0.557,1.953,7.507,2.075
0.952,-0.146,0.581,-0.183,8.240,2.441
0.933,-0.152,0.570,-1.404,11.108,1.587
0.918,-0.126,0.562,-2.563,13.428,1.770
0.907,-0.121,0.524,-4.944,15.625,1.648
0.904,-0.108,0.507,-7.812,16.724,1.282
0.893,-0.079,0.522,-10.071,16.968,1.282
0.883,-0.059,0.505,-10.437,18.616,0.549
0.864,-0.088,0.499,-9.766,20.203,-1.465
0.850,-0.114,0.457,-10.132,21.545,-2.686
0.837,-0.131,0.432,-10.193,21.912,-2.930
0.841,-0.134,0.438,-10.315,20.813,-2.319
0.841,-0.116,0.434,-10.620,20.569,-1.587
0.843,-0.093,0.370,-10.376,21.606,-0.854
0.852,-0.103,0.390,-9.888,19.714,-1.343
0.854,-0.118,0.397,-8.850,18.188,-1.709
0.855,-0.123,0.396,-7.996,18.005,-1.831
0.862,-0.150,0.417,-7.812,17.029,-2.197
0.868,-0.186,0.450,-8.423,16.113,-2.441
0.876,-0.206,0.534,-8.423,15.137,-1.648
0.891,-0.191,0.633,-8.850,15.503,-0.061
